Configuration,Helper_Script,Test_script,,Summary,Result,
,,mxs40srom_func_,8,,PASS,
,,mxs40srom_func_,9,,PASS,
,,mxs40srom_func_,10,,PASS,
,,mxs40srom_func_,11,,PASS,
,,mxs40srom_func_,12,,PASS,
,,mxs40srom_func_,13,,PASS,
,,mxs40srom_func_,14,,PASS,
,,mxs40srom_func_,15,,PASS,
,,mxs40srom_func_,16,,PASS,
,,mxs40srom_func_,17,,PASS,
,,mxs40srom_func_,18,,PASS,
,,mxs40srom_func_,19,,PASS,
,,mxs40srom_func_,23,,PASS,
,,mxs40srom_func_,25,,PASS,
,,mxs40srom_func_,26,,PASS,
,,mxs40srom_func_,27,,PASS,
,,mxs40srom_func_,29,,PASS,
,,mxs40srom_func_,30,,PASS,
,,mxs40srom_func_,31,,PASS,
,,mxs40srom_func_,33,,PASS,
,,mxs40srom_func_,39,,N/A,N/A
,,mxs40srom_func_,40,,N/A,N/A
,,mxs40srom_func_,41,,PASS,
,,mxs40srom_func_,42,,PASS,
,,mxs40srom_func_,44,,PASS,
,,mxs40srom_func_,45,,PASS,
,,mxs40srom_func_,46,,PASS,
,,mxs40srom_func_,47,,PASS,
,,mxs40srom_func_,49,,PASS,
,,mxs40srom_func_,51,,PASS,
,,mxs40srom_func_,54,,PASS,
,,mxs40srom_func_,78,,PASS,
,,mxs40srom_func_,79,,PASS,
,,mxs40srom_func_,80,,PASS,
,,mxs40srom_func_,81,,PASS,
,,mxs40srom_func_,89,,PASS,
,,mxs40srom_func_,90,,PASS,
,,mxs40srom_func_,93,,PASS,
,,mxs40srom_func_,98,,PASS,
,,mxs40srom_func_,99,,PASS,
,,mxs40srom_func_,100,,PASS,
,,mxs40srom_func_,108,,PASS,
,,mxs40srom_func_,114,,FAIL,PASS ( wrong TOC1 comparison value )
,,mxs40srom_func_,127,,FAIL,Open RMA failure 
,,mxs40srom_func_,129,,PASS,
,,mxs40srom_func_,131,,PASS,
,,mxs40srom_func_,134,,PASS,
,,mxs40srom_func_,135,,PASS,
,,mxs40srom_func_,136,,PASS,
,,mxs40srom_func_,139,,PASS,
,,mxs40srom_func_,140,,PASS,
,,mxs40srom_func_,141,,PASS,
,,mxs40srom_func_,143,,PASS,
,,mxs40srom_func_,149,,FAIL,Scripts not executed
,,mxs40srom_func_,154,,PASS,
,,mxs40srom_func_,159,,PASS,Scripts not executed
,,mxs40srom_func_,183,,FAIL,Scripts not executed
,,mxs40srom_func_,191,,FAIL,Generate Hash failure / Fault status
,,mxs40srom_func_,201,,PASS,
CFG_22,,,,,,
,Conversion_Results,,,,PASS,
,ReadSflash,,,,PASS,
,Test_Results,,,,PASS,
